timestamp_ms,accel_x_g,accel_y_g,accel_z_g,gyro_x_dps,gyro_y_dps,gyro_z_dps,temperature_c
2,0.2800,-0.0410,1.0305,41.3282,8.2901,-1.1069,41.94
13,0.3298,-0.1404,1.0950,138.2748,29.3053,-5.9618,41.99
24,0.2175,-0.0413,1.1360,250.1298,69.2061,-7.1908,41.75
35,0.0195,-0.1580,1.1548,250.1298,119.2214,-9.1221,41.71
46,0.0229,-0.0725,1.0710,250.1298,148.9008,-39.0992,41.94
57,-0.0059,-0.0649,0.8738,250.1298,169.8473,-81.6947,42.08
68,0.2036,0.3643,0.6772,250.1298,102.4657,-65.8702,41.89
79,0.2209,0.5972,0.5159,250.1298,63.7328,-37.3588,41.89
90,0.5002,1.0051,0.1467,250.1298,39.0076,-9.7786,41.94
101,0.2732,0.9905,0.0186,28.4733,-37.1298,-35.5725,41.80
112,-0.0398,1.4973,0.0129,-250.1374,-129.9847,-14.3817,41.71
123,0.0183,1.0808,0.0996,-250.1374,-250.1374,104.2977,41.71
134,0.1226,0.5183,0.0825,-250.1374,-250.1374,210.8473,41.80
145,0.2266,-0.0286,0.1023,-250.1374,-250.1374,195.7023,41.99
156,-0.6377,0.6802,1.9999,-220.4504,250.1298,81.8168,41.89
167,0.1692,0.6394,1.9999,250.1298,-224.4656,-67.9924,41.89
178,0.2117,0.5867,1.0564,-228.3893,-195.0153,17.5725,41.71
189,0.3228,1.0298,1.9999,120.6260,114.9313,-104.5420,41.61
200,0.1812,-0.0054,0.5552,202.3206,192.5725,-103.9466,41.71
211,-0.0132,0.4741,0.7817,-250.1374,-17.0458,8.0000,41.99
222,1.6025,-0.1582,1.9999,-201.3359,172.5954,-12.2137,41.57
233,0.1113,0.3479,0.4473,-30.3206,-53.1679,3.8473,41.94
245,0.4104,-0.1252,1.9999,89.3359,-27.7863,3.0611,41.80
256,0.1614,0.2678,0.7349,-27.6031,-41.1374,23.0382,41.75
267,0.2620,0.0745,0.8975,3.3969,-15.4198,25.5496,41.99
278,0.3474,-0.0879,0.9133,6.3206,16.8702,12.9008,41.89
289,0.3076,-0.0410,0.9709,-0.3130,11.7176,-8.9695,41.71
300,0.2942,0.0151,0.9636,-2.6489,8.0229,-15.7710,41.89
311,0.2852,0.0432,0.9521,-0.3588,12.4427,-8.9466,41.47
322,0.2722,0.0349,1.0034,2.2443,4.2214,0.1069,41.99
333,0.2935,-0.0085,0.9590,1.8168,-2.4275,-1.0458,41.99
344,0.2930,0.0144,0.9500,2.0916,-0.9237,-0.2366,41.89
355,0.2888,0.0085,0.9556,1.9618,-0.0840,-0.2214,41.71
366,0.2869,0.0115,0.9580,2.1298,-0.1756,-0.2977,41.94
377,0.2927,0.0125,0.9512,2.2672,0.1679,0.0153,41.80
388,0.2893,0.0110,0.9646,2.2214,0.1298,0.0916,41.75
399,0.2917,0.0095,0.9587,2.2443,-0.4198,0.0229,41.99
410,0.2900,0.0059,0.9519,2.2519,-0.3588,0.0534,41.75
422,0.2947,0.0090,0.9626,2.1145,0.0534,-0.1832,42.08
433,0.2937,0.0056,0.9602,2.2595,-0.3435,-0.1450,41.75
444,0.2917,0.0076,0.9578,2.1069,-0.0763,-0.0076,41.80
455,0.2971,0.0122,0.9587,2.0840,-0.0305,0.0153,41.75
466,0.2942,0.0071,0.9543,2.2290,0.0000,0.0458,41.75
477,0.2908,0.0059,0.9619,2.2748,0.2290,-0.0153,41.71
489,0.2905,0.0066,0.9617,2.1450,0.0076,0.1527,41.99
500,0.2891,0.0088,0.9553,2.2443,0.1527,-0.0153,41.89
511,0.2939,0.0032,0.9575,2.1832,0.6260,-0.1908,41.99
522,0.2913,0.0061,0.9578,2.0916,0.0382,0.0076,41.80
533,0.2947,0.0129,0.9587,2.3740,-0.2137,-0.1603,41.94
544,0.2949,0.0061,0.9514,2.2519,0.0611,0.0458,41.80
555,0.2952,0.0044,0.9595,2.2137,0.3130,0.0153,41.94
567,0.2991,0.0085,0.9556,2.0534,-0.3740,-0.1603,41.80
578,0.2908,0.0088,0.9553,2.3893,-0.5420,-0.4198,41.80
589,0.2910,0.0085,0.9556,2.1069,0.0534,-0.0305,41.89
600,0.2898,0.0068,0.9558,2.3282,-0.1832,-0.1679,41.99
611,0.2969,0.0117,0.9575,2.2137,0.1756,0.0687,41.80
623,0.2905,0.0076,0.9514,2.1908,-0.3282,0.1527,41.80
634,0.2917,0.0090,0.9541,2.2061,-0.2672,-0.1908,41.71
645,0.2935,0.0071,0.9583,2.2748,0.2290,-0.3664,42.13
656,0.2908,0.0066,0.9587,2.3435,-0.2748,-0.1985,41.94
667,0.2930,0.0059,0.9585,2.2137,-0.1603,-0.0076,41.89
678,0.2878,0.0095,0.9553,2.2672,0.1679,0.1298,41.89
690,0.2937,0.0095,0.9600,2.1298,0.0229,-0.1145,41.75
701,0.2930,0.0083,0.9548,2.0763,-0.3053,-0.1069,41.99
712,0.2913,0.0063,0.9548,2.0611,-0.0992,-0.2519,41.80
723,0.2905,0.0024,0.9607,2.4656,-0.0229,0.0763,41.94
734,0.2949,0.0120,0.9478,2.1908,0.5954,0.1298,41.71
745,0.2935,0.0081,0.9600,1.9084,0.4122,0.0763,41.94
756,0.2927,0.0076,0.9514,2.2290,-0.7099,-0.0382,41.94
767,0.2922,0.0071,0.9468,2.1985,0.2977,0.2366,41.99
779,0.2974,0.0100,0.9607,2.2748,0.3511,0.0840,41.80
790,0.2954,0.0071,0.9556,1.9847,-0.3588,0.1985,41.75
801,0.2964,0.0112,0.9587,2.2290,0.1069,-0.2824,41.80
812,0.2935,0.0073,0.9595,2.3206,-0.1145,-0.3206,41.71
823,0.2915,0.0049,0.9587,2.2824,-0.1450,0.1527,41.75
834,0.2974,0.0068,0.9546,2.2061,0.0305,-0.2595,41.80
845,0.2910,0.0066,0.9551,2.1985,-0.1985,0.1374,41.61
856,0.2974,0.0090,0.9604,1.9771,-0.1603,0.1756,41.94
867,0.2896,0.0049,0.9536,2.1221,-0.1679,-0.0687,41.75
878,0.2893,0.0085,0.9587,2.0687,0.3893,-0.1298,41.61
889,0.2922,0.0068,0.9514,2.1985,-0.0305,0.0916,41.75
900,0.2886,0.0085,0.9583,2.3053,-0.2366,-0.0305,41.75
911,0.2932,0.0056,0.9573,2.2824,-0.0611,-0.0687,41.94
922,0.2903,0.0049,0.9487,2.1450,-0.2061,0.1756,41.80
933,0.2908,0.0073,0.9658,2.0916,0.1069,-0.3893,41.75
944,0.2888,0.0107,0.9595,2.2214,-0.2519,0.1374,42.08
955,0.2939,0.0066,0.9585,2.2595,0.1145,0.1603,41.71
966,0.2935,0.0071,0.9548,2.2824,0.1069,-0.1069,41.94
977,0.2964,0.0085,0.9590,2.0153,0.1679,-0.1908,41.71
988,0.2964,0.0073,0.9585,2.0916,0.1679,0.0458,41.80
999,0.2888,0.0083,0.9546,1.9084,0.1221,-0.0611,41.80
